athlete_id,first,last,gender,event_group,tfrrs_url
1,Caleb,Anderson,M,sprints,https://www.tfrrs.org/athletes/8016714/Milwaukee/Caleb_Anderson.html
2,Divine,Aniamaka,M,jumps,https://www.tfrrs.org/athletes/8690909/Milwaukee/Divine_Aniamaka.html
3,Kyra,Arendt,W,jumps,https://www.tfrrs.org/athletes/6589875/Milwaukee/Kyra_Arendt.html
4,Anya,Athan,W,sprints,https://www.tfrrs.org/athletes/6116623/Milwaukee/Anya_Athan.html
5,Evan,Bartelsen,M,jumps,https://www.tfrrs.org/athletes/8016718/Milwaukee/Evan_Bartelsen.html
6,Ty,Bauschelt,M,jumps,https://www.tfrrs.org/athletes/9265408/Milwaukee/Ty_Bauschelt.html
7,Jasmine,Bickerstaff,W,sprints,https://www.tfrrs.org/athletes/6116624/Milwaukee/Jasmine_Bickerstaff.html
8,Natalie,Block,W,multi,https://www.tfrrs.org/athletes/7712279/Milwaukee/Natalie_Block.html
9,Klairissa,Boisvert,W,sprints,https://www.tfrrs.org/athletes/7531570/Milwaukee/Klairissa_Boisvert.html
10,Trevor,Boyer,M,multi,https://www.tfrrs.org/athletes/9265409/Milwaukee/Trevor_Boyer.html
11,Tia,Brennan,W,jumps,https://www.tfrrs.org/athletes/8690924/Milwaukee/Tia_Brennan.html
12,Tony,Bretall,M,multi,https://www.tfrrs.org/athletes/7531559/Milwaukee/Tony_Bretall.html
13,Jack,Browne,M,jumps,https://www.tfrrs.org/athletes/7712266/Milwaukee/Jack_Browne.html
14,Bishop,Bufford,M,jumps,https://www.tfrrs.org/athletes/8329550/Milwaukee/Bishop_Bufford.html
15,Anthony,Buford,M,jumps,https://www.tfrrs.org/athletes/8997140/Milwaukee/Anthony_Buford.html
16,Katie,Burns,W,sprints,https://www.tfrrs.org/athletes/8329634/Milwaukee/Katie_Burns.html
17,Adrienne,Burton,W,sprints,https://www.tfrrs.org/athletes/7033461/Milwaukee/Adrienne_Burton.html
18,Olivia,Busch,W,jumps,https://www.tfrrs.org/athletes/7712280/Milwaukee/Olivia_Busch.html
19,Matthew,Bye,M,multi,https://www.tfrrs.org/athletes/8016723/Milwaukee/Matthew_Bye.html
20,Anthony,Campbell,M,jumps,https://www.tfrrs.org/athletes/8016716/Milwaukee/Anthony_Campbell.html
21,Parker,Carlson,M,sprints,https://www.tfrrs.org/athletes/7033451/Milwaukee/Parker_Carlson.html
22,Brett,Clevidence,M,throws,https://www.tfrrs.org/athletes/7033452/Milwaukee/Brett_Clevidence.html
23,Trevor,Coenen,M,multi,https://www.tfrrs.org/athletes/6116607/Milwaukee/Trevor_Coenen.html
24,Sam,Conger,M,sprints,https://www.tfrrs.org/athletes/7033453/Milwaukee/Sam_Conger.html
25,Vinny,Costa,M,sprints,https://www.tfrrs.org/athletes/9265410/Milwaukee/Vinny_Costa.html
26,Golden,Cotton,M,sprints,https://www.tfrrs.org/athletes/7712267/Milwaukee/Golden_Cotton.html
27,Ethan,Criter,M,sprints,https://www.tfrrs.org/athletes/8690910/Milwaukee/Ethan_Criter.html
28,Brooke,Crosby,W,sprints,https://www.tfrrs.org/athletes/8016727/Milwaukee/Brooke_Crosby.html
29,Tyler,Dahlie,M,jumps,https://www.tfrrs.org/athletes/9265411/Milwaukee/Tyler_Dahlie.html
30,Isaac,Dauffenbach,M,sprints,https://www.tfrrs.org/athletes/8329551/Milwaukee/Isaac_Dauffenbach.html
31,Reed,Deterville-Kehler,M,sprints,https://www.tfrrs.org/athletes/8329552/Milwaukee/Reed_Deterville-Kehler.html
32,Chris,Dobbie,M,jumps,https://www.tfrrs.org/athletes/8016715/Milwaukee/Chris_Dobbie.html
33,Jakara,Edwards-House,W,jumps,https://www.tfrrs.org/athletes/7531565/Milwaukee/Jakara_Edwards-House.html
34,Chandler,Ellis,M,sprints,https://www.tfrrs.org/athletes/7712269/Milwaukee/Chandler_Ellis.html
35,Victoria,Evtimov,W,sprints,https://www.tfrrs.org/athletes/8997150/Milwaukee/Victoria_Evtimov.html
36,Iyimi,Fagbamiye,M,sprints,https://www.tfrrs.org/athletes/8997142/Milwaukee/Iyimi_Fagbamiye.html
37,Cloey,Fare,W,sprints,https://www.tfrrs.org/athletes/7712281/Milwaukee/Cloey_Fare.html
38,Jocelyn,Ferguson,W,sprints,https://www.tfrrs.org/athletes/7712282/Milwaukee/Jocelyn_Ferguson.html
39,Mya,Garel-Moore,W,jumps,https://www.tfrrs.org/athletes/7531568/Milwaukee/Mya_Garel-Moore.html
40,Maisie,Gelhar,W,throws,https://www.tfrrs.org/athletes/7712283/Milwaukee/Maisie_Gelhar.html
41,Noah,Gilbertsen,M,jumps,https://www.tfrrs.org/athletes/8997143/Milwaukee/Noah_Gilbertsen.html
42,Cole,Gillitzer,M,jumps,https://www.tfrrs.org/athletes/6589839/Milwaukee/Cole_Gillitzer.html
43,Austin,Glinski,M,sprints,https://www.tfrrs.org/athletes/6589840/Milwaukee/Austin_Glinski.html
44,Alyssa,Goesch,W,sprints,https://www.tfrrs.org/athletes/6429395/Milwaukee/Alyssa_Goesch.html
45,Michael,Gorman,M,sprints,https://www.tfrrs.org/athletes/7531562/Milwaukee/Michael_Gorman.html
46,Aubrie,Gorski,W,multi,https://www.tfrrs.org/athletes/7712284/Milwaukee/Aubrie_Gorski.html
47,Brady,Gotto,M,sprints,https://www.tfrrs.org/athletes/8329553/Milwaukee/Brady_Gotto.html
48,Kyril,Griffin,M,jumps,https://www.tfrrs.org/athletes/9265407/Milwaukee/Kyril_Griffin.html
49,Annie,Guerrero,W,jumps,https://www.tfrrs.org/athletes/7033463/Milwaukee/Annie_Guerrero.html
50,Leah,Handshoe,W,sprints,https://www.tfrrs.org/athletes/8329632/Milwaukee/Leah_Handshoe.html
51,Chloe,Hedman,W,jumps,https://www.tfrrs.org/athletes/9265423/Milwaukee/Chloe_Hedman.html
52,Caleb,Henry,M,sprints,https://www.tfrrs.org/athletes/7531561/Milwaukee/Caleb_Henry.html
53,Alex,Hergott,M,jumps,https://www.tfrrs.org/athletes/7531556/Milwaukee/Alex_Hergott.html
54,Cynthia,Hernandez,W,throws,https://www.tfrrs.org/athletes/7712286/Milwaukee/Cynthia_Hernandez.html
55,Sienna,Hewitt,W,jumps,https://www.tfrrs.org/athletes/9265424/Milwaukee/Sienna_Hewitt.html
56,Abbey,Hoh,W,jumps,https://www.tfrrs.org/athletes/6589876/Milwaukee/Abbey_Hoh.html
57,Courtney,Hoppe,W,sprints,https://www.tfrrs.org/athletes/7531571/Milwaukee/Courtney_Hoppe.html
58,Essence,Horton-Graves,W,sprints,https://www.tfrrs.org/athletes/8997151/Milwaukee/Essence_Horton-Graves.html
59,Nick,Hottinger,M,sprints,https://www.tfrrs.org/athletes/8329554/Milwaukee/Nicholas_Hottinger.html
60,Chris,Hudnall,M,sprints,https://www.tfrrs.org/athletes/8329648/Milwaukee/Chris_Hudnall.html
61,Obi,Iwuagwu,M,jumps,https://www.tfrrs.org/athletes/7531557/Milwaukee/Obi_Iwuagwu.html
62,Emma,Johnson,W,jumps,https://www.tfrrs.org/athletes/9265427/Milwaukee/Emma_Johnson.html
63,Jack,Johnson,M,jumps,https://www.tfrrs.org/athletes/6589841/Milwaukee/Jack_Johnson.html
64,Vivian,Jones,W,multi,https://www.tfrrs.org/athletes/8690927/Milwaukee/Vivian_Jones.html
65,Gracien,Jules,M,throws,https://www.tfrrs.org/athletes/7531558/Milwaukee/Gracien_Jules.html
66,Jane,Kautz,W,multi,https://www.tfrrs.org/athletes/8997152/Milwaukee/Jane_Kautz.html
67,Anthony,Kessler,M,sprints,https://www.tfrrs.org/athletes/7712273/Milwaukee/Anthony_Kessler.html
68,Aiyana,Knight,W,sprints,https://www.tfrrs.org/athletes/8329635/Milwaukee/Aiyana_Knight.html
69,Ethan,Krueger,M,sprints,https://www.tfrrs.org/athletes/7531560/Milwaukee/Ethan_Krueger.html
70,EJ,Kruse,M,sprints,https://www.tfrrs.org/athletes/8016720/Milwaukee/EJ_Kruse.html
71,Ella,Laughbaum,W,jumps,https://www.tfrrs.org/athletes/8329633/Milwaukee/Ella_Laughbaum.html
72,Vanessa,Laundrie,W,sprints,https://www.tfrrs.org/athletes/7712287/Milwaukee/Vanessa_Laundrie.html
73,Nevia,Levenhagen,W,jumps,https://www.tfrrs.org/athletes/8997153/Milwaukee/Nevia_Levenhagen_.html
74,Lauren,Lietzke,W,throws,https://www.tfrrs.org/athletes/7033464/Milwaukee/Lauren_Lietzke.html
75,Alexander,Maggit,M,jumps,https://www.tfrrs.org/athletes/8690912/Milwaukee/Alexander_Maggit.html
76,Tim,Maidment,M,jumps,https://www.tfrrs.org/athletes/8329555/Milwaukee/Tim_Maidment.html
77,Kynnedi,Malone,W,sprints,https://www.tfrrs.org/athletes/8690934/Milwaukee/Kynnedi_Malone.html
78,Ben,Marano,M,sprints,https://www.tfrrs.org/athletes/7751938/Milwaukee/Ben_Marano.html
79,Maddie,Martin,W,sprints,https://www.tfrrs.org/athletes/6589877/Milwaukee/Maddie_Martin.html
80,Drew,McCormick,M,multi,https://www.tfrrs.org/athletes/6589842/Milwaukee/Drew_McCormick.html
81,Bryant,McLaughlin,M,jumps,https://www.tfrrs.org/athletes/8016721/Milwaukee/Bryant_McLaughlin.html
82,Kara,Meeteer,W,multi,https://www.tfrrs.org/athletes/9265425/Milwaukee/Kara_Meeteer.html
83,Ashley,Melvin,W,jumps,https://www.tfrrs.org/athletes/6116626/Milwaukee/Ashley_Melvin.html
84,Michelle,Meyer,W,sprints,https://www.tfrrs.org/athletes/6589878/Milwaukee/Michelle_Meyer.html
85,Jack,Misky,M,multi,https://www.tfrrs.org/athletes/8016722/Milwaukee/Jack_Misky.html
86,Ethan,Mitchell,M,jumps,https://www.tfrrs.org/athletes/8997144/Milwaukee/Ethan_Mitchell_.html
87,Destiny,Mitchell,W,sprints,
88,Will,Mortimer,M,jumps,https://www.tfrrs.org/athletes/7531555/Milwaukee/Will_Mortimer.html
89,Mercy,Ndon,W,sprints,https://www.tfrrs.org/athletes/6116628/Milwaukee/Mercy_Ndon.html
90,Dane,Nelson,M,sprints,https://www.tfrrs.org/athletes/7712274/Milwaukee/Dane_Nelson.html
91,Nick,O'Halloran,M,multi,https://www.tfrrs.org/athletes/8997145/Milwaukee/Nick_O'Halloran.html
92,Trent,Oiler,M,multi,https://www.tfrrs.org/athletes/9265412/Milwaukee/Trent_Oiler.html
93,Olu,Olu-Akintomide,M,jumps,https://www.tfrrs.org/athletes/9265413/Milwaukee/Olu_Olu-Akintomide.html
94,Kathryn,Pecha,W,sprints,https://www.tfrrs.org/athletes/6589879/Milwaukee/Kathryn_Pecha.html
95,Morgan,Pilate,W,jumps,https://www.tfrrs.org/athletes/8016731/Milwaukee/Morgan_Pilate.html
96,Adaline,Powell,W,multi,https://www.tfrrs.org/athletes/7712288/Milwaukee/Adaline_Powell.html
97,Luke,Rapisarda,M,sprints,https://www.tfrrs.org/athletes/7033455/Milwaukee/Luke_Rapisarda.html
98,Jaelyn,Reeves-Lile,M,sprints,https://www.tfrrs.org/athletes/8690913/Milwaukee/Jaelyn_Reeves-Lile.html
99,Angelica,Refinski,W,sprints,https://www.tfrrs.org/athletes/8690929/Milwaukee/Angelica_Refinski.html
100,Liam,Richards,M,multi,https://www.tfrrs.org/athletes/8690914/Milwaukee/Liam_Richards.html
101,Caleb,Rogalski,M,throws,https://www.tfrrs.org/athletes/7033456/Milwaukee/Caleb_Rogalski.html
102,Isabel,Roloff,W,jumps,https://www.tfrrs.org/athletes/8329637/Milwaukee/Isabel_Roloff.html
103,Joe,Salamone,M,sprints,https://www.tfrrs.org/athletes/7712270/Milwaukee/Joe_Salamone.html
104,Samantha,Satterfield,W,throws,https://www.tfrrs.org/athletes/7712289/Milwaukee/Samantha_Satterfield.html
105,Matt,Scardina,M,sprints,https://www.tfrrs.org/athletes/9265414/Milwaukee/Matt_Scardina.html
106,Kieran,Schindler,M,sprints,https://www.tfrrs.org/athletes/8997146/Milwaukee/Kieran_Schindler.html
107,Zachary,Schmidt,M,sprints,https://www.tfrrs.org/athletes/8329556/Milwaukee/Zachary_Schmidt.html
108,Zachary,Schmidt,M,sprints,https://www.tfrrs.org/athletes/8329556/Milwaukee/Zachary_Schmidt.html
109,Jada,Schuh,W,multi,https://www.tfrrs.org/athletes/7033465/Milwaukee/Jada_Schuh.html
110,Collin,Schulz,M,jumps,https://www.tfrrs.org/athletes/8690919/Milwaukee/Collin_Schulz.html
111,Katie,Sciarini,W,sprints,https://www.tfrrs.org/athletes/8016732/Milwaukee/Katie_Sciarini.html
112,Finnegan,Shields,M,throws,https://www.tfrrs.org/athletes/7712277/Milwaukee/Finnegan_Shields.html
113,Dylan,Sieloff,M,jumps,https://www.tfrrs.org/athletes/7712268/Milwaukee/Dylan_Sieloff.html
114,Alexandria,Simmons,W,jumps,https://www.tfrrs.org/athletes/8690930/Milwaukee/Alexandria_Simmons.html
115,Jade,Sok,W,jumps,https://www.tfrrs.org/athletes/8690931/Milwaukee/Jade_Sok.html
116,Hailey,Soriaga,W,jumps,https://www.tfrrs.org/athletes/8997155/Milwaukee/Hailey_Soriaga_.html
117,Tori,Spagnola,W,sprints,https://www.tfrrs.org/athletes/9265428/Milwaukee/Tori_Spagnola.html
118,Jack,Statz,M,sprints,https://www.tfrrs.org/athletes/8690915/Milwaukee/Jackson_Statz.html
119,Nick,Stugelmeyer,M,sprints,https://www.tfrrs.org/athletes/6116613/Milwaukee/Nick_Stugelmeyer.html
120,Anna,Szepieniec,W,multi,https://www.tfrrs.org/athletes/8690932/Milwaukee/Anna_Szepieniec.html
121,Lily,Taczala,W,jumps,https://www.tfrrs.org/athletes/8997156/Milwaukee/Lily_Taczala.html
122,Nathan,Taylor,M,sprints,https://www.tfrrs.org/athletes/8997147/Milwaukee/Nathan_Taylor.html
123,Lucas,Thibert,M,jumps,https://www.tfrrs.org/athletes/8329557/Milwaukee/Lucas_Thibert.html
124,Taylor,Thimmesch,W,sprints,https://www.tfrrs.org/athletes/8997157/Milwaukee/Taylor_Thimmesch.html
125,Dominique,Thomas,W,sprints,https://www.tfrrs.org/athletes/8016733/Milwaukee/Dominique_Thomas.html
126,Caden,Thomas,M,jumps,https://www.tfrrs.org/athletes/8329558/Milwaukee/Caden_Thomas.html
127,Bradyn,Thomas,M,jumps,https://www.tfrrs.org/athletes/9265415/Milwaukee/Bradyn_Thomas.html
128,Maddy,Troy,W,jumps,https://www.tfrrs.org/athletes/7712291/Milwaukee/Maddy_Troy.html
129,Chieme,Udaku,W,jumps,https://www.tfrrs.org/athletes/7531566/Milwaukee/Chieme_Udaku.html
130,Ashlyn,Uebersetzig,W,sprints,https://www.tfrrs.org/athletes/8016734/Milwaukee/Ashlyn_Uebersetzig.html
131,Edgardo,Valdes Gonzalez,M,sprints,https://www.tfrrs.org/athletes/7383547/Milwaukee/Edgardo_Valdes.html
132,Olivia,VanZeeland,W,jumps,https://www.tfrrs.org/athletes/8329630/Milwaukee/Olivia_VanZeeland.html
133,Austin,Villarreal,M,jumps,https://www.tfrrs.org/athletes/8690916/Milwaukee/Austin_Villarreal.html
134,Brendan,Vlasak,M,sprints,https://www.tfrrs.org/athletes/9265416/Milwaukee/Brendan_Vlasak.html
135,Nadia,Vo,W,jumps,https://www.tfrrs.org/athletes/7712292/Milwaukee/Nadia_Vo.html
136,Kortnie,Volk,W,multi,https://www.tfrrs.org/athletes/7712293/Milwaukee/Kortnie_Volk.html
137,Kallie,Volk,W,multi,https://www.tfrrs.org/athletes/8690933/Milwaukee/Kallie_Volk.html
138,Devin,Wagner,W,jumps,https://www.tfrrs.org/athletes/7531567/Milwaukee/Devin_Wagner.html
139,Austin,Wallace,M,multi,https://www.tfrrs.org/athletes/7033457/Milwaukee/Austin_Wallace.html
140,Kate,Watson,W,jumps,https://www.tfrrs.org/athletes/7033466/Milwaukee/Kate_Watson.html
141,Mason,Weaver,M,jumps,https://www.tfrrs.org/athletes/8690917/Milwaukee/Mason_Weaver.html
142,Tabitha,Wechlo,W,throws,https://www.tfrrs.org/athletes/7712294/Milwaukee/Tabitha_Wechlo.html
143,Zach,Weitgenant,M,sprints,https://www.tfrrs.org/athletes/8690918/Milwaukee/Zach_Weitgenant.html
144,Lilly,Wepking,W,sprints,https://www.tfrrs.org/athletes/8997158/Milwaukee/Lilly_Wepking.html
145,Kalea,Weyenberg,W,sprints,https://www.tfrrs.org/athletes/8329636/Milwaukee/Kalea_Weyenberg.html
146,Lauren,Wickus,W,jumps,https://www.tfrrs.org/athletes/9265426/Milwaukee/Lauren_Wickus.html
147,Frank,Wiedmeyer,M,jumps,https://www.tfrrs.org/athletes/9265417/Milwaukee/Frank_Wiedmeyer.html
148,Jayde,Wollenberg,W,jumps,https://www.tfrrs.org/athletes/6589881/Milwaukee/Jayde_Wollenberg.html
149,Macy,Woodward,W,jumps,https://www.tfrrs.org/athletes/8329631/Milwaukee/Macy_Woodward.html
